id,school,abbreviation,mascot
2000,Abilene Christian,ACU,Wildcats
2001,Adams State,ADST,Grizzlies
2003,Adrian,ADR,Bulldogs
2005,Air Force,AFA,Falcons
2006,Akron,AKR,Zips
333,Alabama,ALA,Crimson Tide
2010,Alabama A&M,AAMU,Bulldogs
2011,Alabama State,ALST,Hornets
399,Albany,ALBY,Great Danes
2013,Albany State (GA),ALB,Golden Rams
2790,Albion,ALBI,Britons
2015,Albright,ALB,Lions
2016,Alcorn State,ALCN,Braves
2017,Alderson-Broaddus,ABC,Battlers
365,Alfred,ALF,Saxons
3162,Alfred State College,ASC,Pioneers
2018,Allegheny,ALL,Golden Gators
2019,Allen,ALN,Yellow Jackets
2800,Alma College,ALM,Scots
111674,Alvernia University,ALV,Golden Wolves
3193,American,AMER,
2022,American International,AIC,Yellow Jackets
7,Amherst College,AMH,Mammoths
2023,Anderson (IN),AND,Ravens
2025,Angelo State,ANG,Rams
15,Anna Maria College,ANN,Amcats
2026,Appalachian State,APP,Mountaineers
3111,Apprentice School,APP,Builders
12,Arizona,ARIZ,Wildcats
108358,Arizona Christian,AZCR,Firestorm
9,Arizona State,ASU,Sun Devils
8,Arkansas,ARK,Razorbacks
124386,Arkansas Baptist,ARKB,Buffaloes
2028,Arkansas-Monticello,ARK,Weevils
2029,Arkansas-Pine Bluff,UAPB,Golden Lions
2032,Arkansas State,ARST,Red Wolves
2033,Arkansas Tech,ARK,Wonder Boys
349,Army,ARMY,Black Knights
308,Ashland,ASH,Eagles
2038,Assumption,ASP,Greyhounds
2,Auburn,AUB,Tigers
124,Augsburg,AUG,Auggies
2042,Augustana (IL),AUG,Vikings
2043,Augustana (SD),AUG,Vikings
2044,Aurora,AUR,Spartans
2045,Austin College,AUS,Kangaroos
2046,Austin Peay,PEAY,Governors
3178,Ave Maria,AMU,Gyrenes
2047,Averett,AVE,Cougars
2048,Avila College,AVC,Eagles
2049,Azusa Pacific,AZU,Cougars
487,Bacone College,BKN,Warriors
488,Baker University,BAK,Wildcats
188,Baldwin-Wallace,BAL,Yellow Jackets
2050,Ball State,BALL,Cardinals
122666,Barton College,BAR,Bulldogs
121,Bates College,BAT,Bobcats
239,Baylor,BAY,Bears
479,Becker College,BEC,Hawks
266,Beloit College,BEL,Buccaneers
132,Bemidji State,BEM,Beavers
490,Benedict College,BBG,Tigers
16111,Benedictine College,BEN,Bndctne Col
2283,Benedictine (IL),BEN,Eagles
2060,Bentley,BENT,Falcons
2757,Berry College,BER,Vikings
121695,Bethany Co,,Bethany Co
492,Bethany (KS),BET,Swedes
2062,Bethany (WV),BET,Bison
121754,Bethel Col,,Bethel Col
2802,Bethel (MN),BET,Royals
2064,Bethel (TN),BET,Wildcats
2065,Bethune-Cookman,BCU,Wildcats
3,Birmingham-Southern,BIR,Panthers
2070,Blackburn,BLA,Beavers
2069,Black Hills State,BLA,Yellow Jackets
1000949,Blinn College,,
1000961,Blinn College,,
1000959,Blinn College,,
1000962,Blinn College,,
2071,Bloomsburg,BLO,Huskies
124180,Bluefield,,Bluefields
495,Bluefield College,BLU,Rams
2074,Bluffton,BLU,Beavers
68,Boise State,BSU,Broncos
103,Boston College,BC,Eagles
340,Bowdoin,BOW,Polar Bears
189,Bowling Green,BGSU,Falcons
2913,Brevard College,BRE,Tornados
18,Bridgewater State,BGW,Bears
2079,Bridgewater (VA),BRD,Eagles
2080,Brit Columbia,BBM,Thunderbirds
2781,Brockport State (NY),BRO,Golden Eagles
225,Brown,BRWN,Bears
2803,Bryant,BRY,Bulldogs
2083,Bucknell,BUCK,Bison
63,Buena Vista,BUE,Beavers
2084,Buffalo,BUFF,Bulls
2085,Buffalo State,BUF,Bengals
2086,Butler,BUT,Bulldogs
1000947,Butler C.C.,,
1000948,Butler C.C.,,
1000939,Butler C.C.,,
1000965,Butler County (KS),,
252,BYU,BYU,Cougars
25,California,CAL,Golden Bears
2858,California (PA),CAL,Vulcans
2094,Cal Lutheran,CAL,Kingsmen
13,Cal Poly,CP,Mustangs
2097,Campbell,CAMP,Camels
424,Capital,CAP,Crusaders
2101,Carleton,CAR,Knights
2102,Carnegie Mellon,CAR,Tartans
32,Carroll (WI),CAR,Pioneers
2105,Carson-Newman,CNEW,Eagles
2106,Carthage,CAR,Redmen
2963,Case Western Reserve,CSR,Spartans
293,Castleton State College,CAS,Spartans
2107,Catawba,CAT,Indians
2108,Catholic University,CATH,Cardinals
2964,Central,CEN,Dutch
2110,Central Arkansas,UCA,Bears
2115,Central Connecticut,CCSU,Blue Devils
2860,Central Methodist,CDF,Eagles
2117,Central Michigan,CMU,Chippewas
2118,Central Missouri State,CEN,Mules
2122,Central Oklahoma,CEN,Bronchos
2119,Central State,CCI,Marauders
2120,Central Washington,CEN,Wildcats
2121,Centre,CEN,Colonels
2123,Chadron State,CHA,Eagles
411,Chapman,CHA,Panthers
2127,Charleston Southern,CHSO,Buccaneers
2128,Charleston (WV),CHA,Golden Eagles
2429,Charlotte,CHAR,49ers
236,Chattanooga,CHAT,Mocs
2129,Cheyney,CHE,Wolves
80,Chicago,CHI,Maroons
3112,Christopher Newport,CHR,Captains
2132,Cincinnati,CIN,Bearcats
110255,Cincinnati Christian,CNCU,Eagles
1000933,Cisco College,,
1000936,City College of San Francisco,,
17,Claremont,CLA,Stags
2134,Clarion,CLA,Golden Eagles
2805,Clark Atlanta,CLK,Panthers
228,Clemson,CLEM,Tigers
324,Coastal Carolina,CCU,Chanticleers
2557,Coast Guard,COA,Bears
2141,Coe,COE,Kohawks
33,Colby,COL,White Mules
2142,Colgate,COLG,Raiders
1000960,College of Charleston,,
3211,College of Faith,FAI,Warriors
3253,College of Faith - Charlotte,COFC,Saints
108382,College of Idaho,COI,Yotes
2442,College of New Jersey,CNJ,Lions
1000952,College of the Canyons,,
38,Colorado,COLO,Buffaloes
2144,Colorado College,COL,Tigers
11,Colorado Mesa,MESA,Mavericks
2146,Colorado Mines,COL,Orediggers
36,Colorado State,CSU,Rams
2570,Colorado State-Pueblo,CSUP,Thunderwolves
171,Columbia,CLMB,Lions
2148,Concord,CON,Mountain Lions
3099,Concordia (AL),CON,Hornets
2985,Concordia College (MI),CMI,Cardinals
2151,Concordia (IL),CON,Cougars
2152,Concordia (MN),CON,Cobbers
507,Concordia-Nebraska,CON,Concordia University (NE)
3066,Concordia-St. Paul,CON,Golden Bears
1000978,Concordia University,,
409,Concordia (WI),CON,Falcons
41,Connecticut,CONN,Huskies
1000985,Copiah-Lincoln C.C.,,
172,Cornell,COR,Big Red
2155,Cornell College (IA),COR,Rams
509,Crown College,CRO,Storm
510,Culver-Stockton,CUL,Wildcats
2161,Cumberland,CUM,Bulldogs
511,Cumberland College,CUM,Indians
40,Curry,CUR,Colonels
512,Dakota State,DSU,Trojans
513,Dakota Wesleyan,DWU,Tigers
159,Dartmouth,DART,Big Green
110254,Davenport,DU,Panthers
2166,Davidson,DAV,Wildcats
2168,Dayton,DAY,Flyers
110438,Dean College,DEA,Bulldogs
190,Defiance,DEF,Yellow Jackets
48,Delaware,DEL,Blue Hens
2169,Delaware State,DSU,Hornets
2808,Delaware Valley,DV,Aggies
2170,Delta State,DEL,Statesmen
2171,Denison,DEN,Big Red
83,DePauw,DEP,Tigers
2175,Dickinson,DIC,Red Devils
316,Dickinson State,DIC,Blue Hawks
5829,Doane College,,Doane
2181,Drake,DRKE,Bulldogs
49,Dubuque,DUB,Spartans
150,Duke,DUKE,Blue Devils
2184,Duquesne,DUQ,Dukes
2189,Earlham,EAR,Quakers
3146,East,EAST,All-Stars
151,East Carolina,ECU,Pirates
2191,East Central,EAS,Tigers
2197,Eastern Illinois,EIU,Panthers
2198,Eastern Kentucky,EKY,Colonels
2199,Eastern Michigan,EMU,Eagles
2201,Eastern New Mexico,EAS,Greyhounds
2202,Eastern Oregon,EAS,Mountaineers
331,Eastern Washington,EWU,Eagles
2188,East Stroudsburg,EAS,Warriors
2193,East Tennessee State,ETSU,Buccaneers
2194,East Texas Baptist,EAS,Tigers
2205,Edinboro,EDI,Fighting Scots
2206,Edward Waters,EDW,Tigers
2207,Elizabeth City State,ELI,Vikings
72,Elmhurst,ELM,Blue Jays
2210,Elon,ELON,Phoenix
2213,Emory & Henry,EMO,Wasps
2214,Emporia State,EMP,Hornets
452,Endicott College,END,Gulls
3236,Erie Community College,ECC,Kats
101784,Erskine,ERS,Flying Fleet
101,Eureka College,EUR,Red Devils
2865,Evangel,EVA,Crusaders
2986,Fairmont State,FAI,Falcons
2219,Faulkner,FAU,Eagles
2220,Fayetteville State,FAY,Broncos
2221,FDU-Florham,FDU,Devils
2222,Ferris State,FER,Bulldogs
366,Ferrum,FER,Panthers
2224,Findlay,FIN,Oilers
114,Fitchburg State,FIT,Falcons
57,Florida,FLA,Gators
50,Florida A&M,FAMU,Rattlers
2226,Florida Atlantic,FAU,Owls
2229,Florida International,FIU,Golden Panthers
125762,Florida Memorial University,,Flamemrl
52,Florida State,FSU,Seminoles
53,Florida Tech,FLTH,Panthers
2230,Fordham,FOR,Rams
109423,Fork Union,FORK,Blue Devils
2231,Fort Hays State,FHSU,Tigers
2237,Fort Lewis,FOR,Skyhawks
2232,Fort Valley State,FOR,Wildcats
2967,Framingham State,FRA,Rams
2233,Franklin,FRA,Grizzlies
2234,Franklin & Marshall,F&M,Diplomats
112334,Franklin Pierce,FP,Ravens
278,Fresno State,FRES,Bulldogs
527,Friends University,FRI,Falcons
341,Frostburg State,FRO,Bobcats
231,Furman,FUR,Paladins
417,Gallaudet,GAL,Bison
367,Gannon,GAN,Golden Knights
1000957,Garden City C.C. ,,
2241,Gardner-Webb,WEBB,Bulldogs
2242,Geneva College,GEN,Golden Tornadoes
415,George Fox University,GFU,Bruins
2244,George Mason,GMU,Patriots
46,Georgetown,GTWN,Hoyas
2245,Georgetown (KY),GGA,Tigers
61,Georgia,UGA,Bulldogs
290,Georgia Southern,GASO,Eagles
2247,Georgia State,GAST,Panthers
59,Georgia Tech,GT,Yellow Jackets
2248,Gettysburg,GET,Bullets
2249,Glenville State,GLE,Pioneers
530,Graceland University,GRC,Yellowjackets
2755,Grambling,GRAM,Tigers
125,Grand Valley State,GVSU,Lakers
2254,Grand View,GRVW,Vikings
2256,Greensboro,GRN,Pride
2257,Greenville,GRE,Panthers
65,Grinnell,GRI,Pioneers
146,Grove City College,GRO,Wolverines
2258,Guilford,GUI,Quakers
2968,Gustavus Adolphus,GUS,Golden Gusties
348,Hamilton,HAM,Continentals
162,Hamline,HAM,Fighting Pipers
297,Hampden-Sydney,HAM,Tigers
2261,Hampton,HAMP,Pirates
2262,Hanover,HAN,Panthers
2264,Harding,HAR,Bison
2810,Hardin-Simmons,HAR,Cowboys
173,Hartwick,HAR,Hawks
108,Harvard,HARV,Crimson
535,Haskell Indian Nations,HAS,Jayhawks
62,Hawai'i,HAW,Rainbow Warriors
191,Heidelberg,HEI,Student Princes
2271,Henderson State,HEN,Reddies
418,Hendrix College,HEND,Warriors
125974,Hilbert College,,Hilbert
2273,Hillsdale,HIL,Chargers
1000984,Hillsdale College,,
1000979,Hinds C.C.,,
2274,Hiram,HIR,Terriers
174,Hobart,HOB,Statesmen
108354,Holland College,HC,Hurricanes
1000982,Holmes C.C.,,
107,Holy Cross,HC,Crusaders
2812,Hope,HOP,Flying Dutchmen
248,Houston,HOU,Cougars
2277,Houston Christian,HCU,Huskies
47,Howard,HOW,Bison
2758,Howard Payne,HOW,Yellow Jackets
2278,Humboldt State,HUM,Lumberjacks
2938,Huntingdon,HUN,Hawks
2280,Husson,HUS,Eagles
1000953,Hutchinson C.C.,,
1000940,Hutchinson C.C.,,
70,Idaho,IDHO,Vandals
304,Idaho State,IDST,Bengals
356,Illinois,ILL,Fighting Illini
2286,Illinois College,ILLC,Blueboys
2287,Illinois State,ILST,Redbirds
306,Illinois Wesleyan,ILL,Titans
2916,Incarnate Word,IW,Cardinals
1000964,Independence C.C.,,
1000942,Independence C.C.,,
1000963,Independence C.C.,,
84,Indiana,IND,Hoosiers
2291,Indiana (PA),IND,Crimson Hawks
2292,Indianapolis,IND,Greyhounds
282,Indiana State,INST,Sycamores
111756,Indiana Wesleyan,INWS,Wildcats
314,Iona,IONA,Gaels
2294,Iowa,IOWA,Hawkeyes
1000943,Iowa Central C.C.,,
66,Iowa State,ISU,Cyclones
2295,Iowa Wesleyan,IOW,Tigers
1000973,Iowa Western C.C.,,
175,Ithaca,ITH,Bombers
2296,Jackson State,JKST,Tigers
294,Jacksonville,JAC,Dolphins
55,Jacksonville State,JVST,Gamecocks
256,James Madison,JMU,Dukes
2939,Jamestown,JAM,Jimmies
2302,John Carroll,JOH,Blue Streaks
118,Johns Hopkins,JOH,Blue Jays
2304,Johnson C Smith,JOH,Golden Bulls
122775,Judson University,JUDSO,Eagles
246,Juniata,JUN,Eagles
126,Kalamazoo,KAL,Hornets
2305,Kansas,KU,Jayhawks
2306,Kansas State,KSU,Wildcats
547,Kansas Wesleyan University,KNW,Coyotes
126110,Keiser University,,Keiser
338,Kennesaw State,KENN,Owls
2309,Kent State,KENT,Golden Flashes
96,Kentucky,UK,Wildcats
2310,Kentucky State,KYS,Thorobreds
2316,Kentucky Wesleyan,KYW,Panthers
352,Kenyon,KEN,Lords
122774,Keystone,KEYS,Giants
1000954,Kilgore J.C.,,
247,King's College (PA),KIN,Monarchs
2315,Kutztown,KUT,Golden Bears
322,Lafayette,LAF,Leopards
548,LaGrange College,LAG,Panthers
437,Lake Erie College,LKE,Storm
262,Lake Forest,LAK,Foresters
2320,Lamar,LAM,Cardinals
2321,Lambuth,LAM,Eagles
2324,Langston,LAN,Lions
2325,La Salle,LAS,Explorers
2318,La Verne,LAV,Leopards
268,Lawrence,LAW,Vikings
102071,Lawrence Tech,LWTC,Blue Devils
388,Lebanon Valley,LEB,Flying Dutchmen
2329,Lehigh,LEH,Mountain Hawks
2331,Lenoir-Rhyne,LEN,Bears
2333,Lewis & Clark,LEW,Pioneers
2335,Liberty,LIB,Flames
2336,Limestone,LIM,Saints
1000971,Limestone College,,
2876,Lincoln (MO),LIN,Blue Tigers
2339,Lincoln (PA),LIN,Lions
124179,Lincoln University (CA),LINC,Oaklanders
2815,Lindenwood,LIN,Lions
3209,Lindenwood Belleville,LIND,Lynx
1000955,Lindenwood University,,
2877,Lindsey Wilson,LIN,Blue Raiders
203,Linfield,LIN,Wildcats
2089,LIU Post,LIU,Pioneers
2940,Livingstone,LVI,Blue Bears
1000972,Livingstone College,,
209,Lock Haven,LOC,Bald Eagles
112358,Long Island University,LIU,Sharks
102118,Louisburg,LSBG,Hurricanes
309,Louisiana,ULL,Ragin' Cajuns
2347,Louisiana College,LAC,Wildcats
2433,Louisiana Monroe,ULM,Warhawks
2348,Louisiana Tech,LT,Bulldogs
97,Louisville,LOU,Cardinals
99,LSU,LSU,Tigers
67,Luther,LUT,Norse
2354,Lycoming,LYC,Warriors
101161,Lyon College,LYON,Scots
2359,Macalester,MAC,Scots
273,MacMurray College,MAC,Highlanders
126146,Madonna University,,Madonna
311,Maine,MAINE,Black Bears
274,Maine Maritime,MAI,Mariners
556,Malone,MAL,Pioneers
2362,Manchester,MAN,Spartans
2770,Manitoba,MAN,Bisons
2365,Mansfield,MAN,Mountaineers
421,Maranatha Baptist College,MAR,Crusaders
2366,Marian,MAR,Knights
121696,MARIAN (IN,,Marian (In
317,Marietta,MAR,Pioneers
2368,Marist,MRST,Red Foxes
276,Marshall,MRSH,Thundering Herd
2369,Mars Hill,MAR,Lions
446,Martin Luther College,MAR,Knights
2371,Mary Hardin-Baylor,MAR,Crusaders
120,Maryland,MD,Terrapins
2373,Maryville TN,MAR,Fighting Scots
110,Mass Maritime,MAS,Buccaneers
561,Mayville State,MAY,Comets
2700,McDaniel College,MCD,Terrors
241,McMurry,MCM,War Hawks
2377,McNeese,MCNS,Cowboys
6584,Mcpherson College,,Mcpherson
235,Memphis,MEM,Tigers
2381,Menlo,MEN,Oaks
2382,Mercer,MER,Bears
2383,Merchant Marine,MER,Mariners
2385,Mercyhurst,MER,Lakers
2771,Merrimack,MER,Warriors
291,Methodist,MTH,Monarchs
2390,Miami,MIAMI,Hurricanes
193,Miami (OH),M-OH,RedHawks
130,Michigan,MICH,Wolverines
127,Michigan State,MSU,Spartans
2392,Michigan Tech,MIC,Huskies
2394,Middlebury,MID,Panthers
111755,Middle Georgia State College,MGST,Knights
2393,Middle Tennessee,MTSU,Blue Raiders
565,Midland University,MID,Warriors
2395,Midwestern State,MID,Mustangs
2396,Miles,MIL,Golden Bears
210,Millersville,MIL,Marauders
74,Millikin,MIL,Big Blue
2398,Millsaps,MIL,Majors
135,Minnesota,MINN,Golden Gophers
2772,Minnesota-Crookston,MIN,Golden Eagles
134,Minnesota-Duluth,MNDU,Bulldogs
2399,Minnesota-Morris,MIN,Cougars
2364,Minnesota State,MNST,Mavericks
2817,Minnesota St-Moorhead,MOO,Dragon
568,Minot State,MIN,Beavers
2969,Misericordia,MISC,Cougars
2401,Mississippi College,MIS,Choctaws
1000937,Mississippi Gulf Coast C.C.,,
344,Mississippi State,MSST,Bulldogs
2400,Mississippi Valley State,MVSU,Delta Devils
142,Missouri,MIZ,Tigers
2880,Missouri Baptist,MB,Spartans
2403,Missouri Southern State,MOS,Lions
2402,Missouri S&T,S&T,Miners
2623,Missouri State,MOST,Bears
137,Missouri Western,MOW,Griffons
1000934,Missouri Western State,,
2405,Monmouth,MONM,Hawks
2919,Monmouth (IL),MON,Fighting Scots
149,Montana,MONT,Grizzlies
147,Montana State,MTST,Bobcats
124390,MONTANASTN,,Montanastn
2701,Montana-Western,MWST,Bulldogs
2818,Montclair State,MON,Red Hawks
3100,Monterrey Tech,MON,Rams
323,Moravian,MOR,Greyhounds
2413,Morehead State,MORE,Eagles
60,Morehouse,MOR,Tigers
2415,Morgan State,MORG,Bears
2416,Morningside,MAO,Chiefs
3110,Morrisville State,MOR,Mustangs
110263,Morthland,MORTH,Patriots
481,Mount Ida College,MOU,Mustangs
2419,Mount St. Joseph,MTS,Lions
426,Mount Union,MTU,Raiders
2422,Muhlenberg,MUH,Mules
93,Murray State,MURR,Racers
332,Muskingum,MUS,Muskies
3194,National,NAT,
1000977,Navarro College,,
2426,Navy,NAVY,Midshipmen
152,NC State,NCST,Wolfpack
286,NC Wesleyan,UNCW,Battling Bishops
158,Nebraska,NEB,Cornhuskers
2438,Nebraska-Kearney,NEB,Lopers
2437,Nebraska-Omaha,UNO,Mavericks
2440,Nevada,NEV,Wolf Pack
2444,Newberry,NBY,Wolves
160,New Hampshire,UNH,Wildcats
2441,New Haven,NH,Chargers
167,New Mexico,UNM,Lobos
2424,New Mexico Highlands,NMH,Cowboys
1000956,New Mexico Military Institute,,
166,New Mexico State,NMSU,Aggies
2447,Nicholls,NICH,Colonels
2884,Nichols,NIC,Bison
2450,Norfolk State,NSU,Spartans
3145,NORTH,NOR,All-Stars
2453,North Alabama,NOR,Lions
123086,North American University,NAU,Stallions
153,North Carolina,UNC,Tar Heels
2448,North Carolina A&T,NCAT,Aggies
2428,North Carolina Central,NCCU,Eagles
3071,North Central,NOC,Cardinals
155,North Dakota,UND,Fighting Hawks
2449,North Dakota State,NDSU,Bison
196,Northeastern State,NEO,RiverHawks
2464,Northern Arizona,NAU,Lumberjacks
2458,Northern Colorado,UNCO,Bears
2459,Northern Illinois,NIU,Huskies
2460,Northern Iowa,UNI,Panthers
128,Northern Michigan,NOR,Wildcats
425,Northern State,NOR,Wolves
3197,NORTH FLORIDA,UNF,STARS
2822,North Greenville,NGR,Crusaders
75,North Park,NOR,Vikings
249,North Texas,UNT,Mean Green
77,Northwestern,NW,Wildcats
583,Northwestern (MN),NWM,Eagles
2823,Northwestern Oklahoma State,NWO,Rangers
2466,Northwestern State,NWST,Demons
138,Northwest Missouri State,NWMS,Bearcats
2886,Northwood (MI),NAR,Timberwolves
2467,Norwich,NOR,Cadets
87,Notre Dame,ND,Fighting Irish
587,Notre Dame College,NOT,Blue Falcons
391,Oberlin,OBE,Yeomen
2475,Occidental,OCC,Tigers
195,Ohio,OHIO,Bobcats
2477,Ohio Dominican,,Panthers
108398,Ohio Midwestern College,OMW,Rams
427,Ohio Northern,ON,Polar Bears
194,Ohio State,OSU,Buckeyes
3161,Ohio State Newark,OSU,Titans
2980,Ohio Wesleyan,OHI,Battling Bishops
201,Oklahoma,OKLA,Sooners
319,Oklahoma Baptist,OB,Bison
197,Oklahoma State,OKST,Cowboys
2824,OK Panhandle St,OKP,Aggies
295,Old Dominion,ODU,Monarchs
145,Ole Miss,MISS,Rebels
354,Olivet College,OLI,Comets
2483,Oregon,ORE,Ducks
204,Oregon State,ORST,Beavers
112390,Ottawa University Arizona,OUAZ,Spirit
359,Otterbein,OTT,Cardinals
2888,Ouachita Baptist,OUA,Tigers
2487,Pace,PAC,Setters
2486,Pacific Lutheran,PAC,Lutes
205,Pacific (OR),PAC,Boxers
2488,Paine,PC,Lions
213,Penn State,PSU,Nittany Lions
219,Pennsylvania,PENN,Quakers
95,Pikeville,PIK,Bears
221,Pittsburgh,PITT,Panthers
90,Pittsburg State,PIT,Gorillas
2972,Plymouth State,PLY,Panthers
3179,Point University,POINT,Point
2923,Pomona-Pitzer,POM,Sagehens
2502,Portland State,PRST,Vikings
126086,Post University,,Postuniv
2504,Prairie View,PVAM,Panthers
2506,Presbyterian College,PRE,Blue Hose
597,Presentation College,PRE,Saints
163,Princeton,PRIN,Tigers
363,Principia College,PRI,Panthers
1000951,Professional,,
1000950,Professional,,
2508,Puget Sound,PUG,Loggers
2509,Purdue,PUR,Boilermakers
2825,Quincy,QUI,Hawks
2516,Randolph-Macon,RAN,Yellow Jackets
29,Redlands,RED,Bulldogs
2890,Reinhardt,REIN,Eagles
2528,Rensselaer,REN,Engineers
227,Rhode Island,URI,Rams
2519,Rhodes,RHO,Lynx
242,Rice,RICE,Owls
257,Richmond,RICH,Spiders
2891,Ripon,RIPON,Redhawks
2523,Robert Morris,RMU,Colonials
599,Robert Morris (IL),RMU,Eagles
184,Rochester,ROC,Yellow Jackets
2524,Rockford,ROC,Regents
86,Rose-Hulman,ROS,Engineers
2827,Rowan,ROWAN,Professors
164,Rutgers,RUTG,Scarlet Knights
16,Sacramento State,SAC,Hornets
2529,Sacred Heart,SHU,Pioneers
129,Saginaw Valley,SAG,Cardinals
1000983,Saint Francis (PA),,
2532,Salisbury,SAL,Sea Gulls
2776,Salve Regina,SAL,Seahawks
2535,Samford,SAM,Bulldogs
2534,Sam Houston State,SHSU,Bearkats
301,San Diego,USD,Toreros
21,San Diego State,SDSU,Aztecs
23,San José State,SJSU,Spartans
1000946,Santa Rosa J.C.,,
2542,Savannah State,SAV,Tigers
611,Seton Hill College,SET,Griffins
2553,Sewanee Univ. of the South,SEW,Tigers
2551,Shaw,SHA,Bears
2828,Shenandoah,SHE,Hornets
2974,Shepherd,SHE,Rams
3181,Shepherd Tech,STC,Eagles
2559,Shippensburg,SHI,Raiders
2561,Siena,SIE,Saints
2562,Siena Heights,SH,Saints
2829,Simon Fraser,SIM,Clansmen
2564,Simpson College,SIM,Storm
215,Slippery Rock,SRU,The Rock
2567,SMU,SMU,Mustangs
1000941,Snow College,,
3144,SOUTH,SOU,All-Stars
6,South Alabama,USA,Jaguars
2579,South Carolina,SC,Gamecocks
2569,South Carolina State,SCST,Bulldogs
233,South Dakota,SDAK,Coyotes
613,South Dakota Mines,SDA,Hardrockers
2571,South Dakota State,SDSU,Jackrabbits
2545,Southeastern Louisiana,SELA,Lions
199,Southeastern Oklahoma,SEOS,Savage Storm
267,Southeastern University,SEFL,Fire
2546,Southeast Missouri State,SEMO,Redhawks
2582,Southern,SOU,Jaguars
2568,Southern Arkansas,SOU,Muleriders
2583,Southern Connecticut State,SOU,Owls
79,Southern Illinois,SIU,Salukis
2572,Southern Mississippi,USM,Golden Eagles
200,Southern Nazarene,STN,Crimson Storm
2584,Southern Oregon,SOU,Raiders
253,Southern Utah,SUU,Thunderbirds
2896,Southern Virginia,SVA,Knights
58,South Florida,USF,Bulls
2586,Southwest Baptist,SWB,Bearcats
2904,Southwestern Assemblies of God,SWA,Lions
616,Southwestern College,SWC,Moundbuilders
2927,Southwestern Oklahoma,SWO,Bulldogs
2587,Southwest Minnesota State,SWM,Mustangs
1000980,Southwest Mississippi C.C.,,
81,Springfield,SPR,Pride
2591,St. Ambrose,STA,Fighting Bees
111610,St. Andrews,STAW,Knights
24,Stanford,STAN,Cardinal
2830,St. Anselm,STA,Hawks
395,St. Augustine's,STA,Falcons
2594,St. Cloud State,STC,Huskies
2617,Stephen F. Austin,SFA,Lumberjacks
618,Sterling College,STC,Warriors
56,Stetson,STET,Hatters
471,Stevenson,STU,Mustangs
2595,St. Francis (IL),SFIL,Fighting Saints
2831,St. Francis (IN),SBP,Cougars
2598,St Francis (PA),SFU,Red Flash
2948,Stillman,STI,Tigers
374,St. John Fisher,STJ,Cardinals
2600,St. Johns (MN),STJ,Johnnies
2601,St. Joseph's (IN),ST,Pumas
2779,St Lawrence,STL,Saints
2608,St. Mary's (CA),SMC,Gaels
2832,St. Norbert,STN,Green Knights
133,St. Olaf College,STO,Oles
284,Stonehill,SBI,Chieftains
2619,Stony Brook,STON,Seawolves
2611,St. Paul's College,STP,Tigers
2612,St. Peter's,SPU,Peacocks
375,St. Scholastica,SS,College of St. Scholastica
2900,St. Thomas (MN),STMN,Tommies
1000968,St. Thomas University,,
125730,St. Thomas University (Fl),,Stthom
2614,St. Vincent,STV,Bearcats
2615,St. Xavier (IL),STX,Cougars
2834,Sul Ross State,SUL,Lobos
2782,SUNY Cortland,COR,Red Dragons
2951,SUNY Maritime,MAR,Privateers
216,Susquehanna,SUS,Crusaders
183,Syracuse,SYR,Orange
2627,Tarleton State,TAR,Texans
2628,TCU,TCU,Horned Frogs
218,Temple,TEM,Owls
2633,Tennessee,TENN,Volunteers
2634,Tennessee State,TNST,Tigers
2635,Tennessee Tech,TNTC,Golden Eagles
251,Texas,TEX,Longhorns
245,Texas A&M,TA&M,Aggies
1000958,Texas A&M Commerce,,
1000945,Texas A&M Commerce,,
2837,Texas A&M-Commerce,TXA,Lions
2658,Texas A&M-Kingsville,TXA,Javelinas
2637,Texas College,TXCL,Steers
2639,Texas Lutheran,TEX,Bulldogs
1000938,Texas-Permian Basin,,
2640,Texas Southern,TXSO,Tigers
326,Texas State,TXST,Bobcats
2641,Texas Tech,TTU,Red Raiders
102626,Texas Wesleyan,TXWE,Rams
122776,Thaddeus Stevens,TSCT,Bulldogs
2643,The Citadel,CIT,Bulldogs
2646,Thomas More,THO,Saints
2838,Tiffin,TIF,Dragons
625,Tiffin University,TIF,Dragons
2649,Toledo,TOL,Rockets
119,Towson,TOWS,Tigers
2651,Trine,TRI,Thunder
3214,Trinity Bible,TRI,Lions
2977,Trinity (CT),TRI,Bantams
2652,Trinity (IL),TRI,Trojans
386,Trinity (TX),TRI,Tigers
1000969,Trinity Valley C.C.,,
2653,Troy,TROY,Trojans
2654,Truman State,TRU,Bulldogs
112,Tufts,TUF,Jumbos
2655,Tulane,TULN,Green Wave
202,Tulsa,TLSA,Golden Hurricane
2839,Tusculum,TUS,Pioneers
2657,Tuskegee,TUS,Golden Tigers
1000967,Tyler J.C. ,,
5,UAB,UAB,Blazers
302,UC Davis,UCD,Aggies
2116,UCF,UCF,Knights
26,UCLA,UCLA,Bruins
124110,UFTL,UFTL,Eagles
113,UMass,UMASS,Minutemen
379,UMass Dartmouth,MAS,Corsairs
2349,UMass Lowell,UML,River Hawks
2882,UNC Pembroke,NCP,Braves
237,Union,UNI,Dutchmen
3254,University of Faith,UFFL,Glory Eagles
109425,University of God's Chosen,GDCH,Disciples
111675,University of New England,UNE,Nor'Easters
110243,University of Texas of the Permian Basin,UTPB,Falcons
2439,UNLV,UNLV,Rebels
389,Upper Iowa,UI,Peacocks
2666,Urbana,URB,Blue Knights
2667,Ursinus,URS,Bears
30,USC,USC,Trojans
254,Utah,UTAH,Utes
328,Utah State,USU,Aggies
3101,Utah Tech,UT,Trailblazers
2638,UTEP,UTEP,Miners
390,Utica,UTICA,Pioneers
2630,UT Martin,UTM,Skyhawks
2636,UT San Antonio,UTSA,Roadrunners
2842,UVA-Wise,VAW,Highland Cavaliers
271,UW-Oshkosh,WIS,Titans
2723,UW-River Falls,WIS,Falcons
2744,UW-Stout,WIS,Blue Devils
2745,UW-Whitewater,WISW,Warhawks
2673,Valdosta State,VAL,Blazers
628,Valley City State,VAL,Vikings
2674,Valparaiso,VALP,Crusaders
238,Vanderbilt,VAN,Commodores
222,Villanova,NOVA,Wildcats
258,Virginia,UVA,Cavaliers
2355,Virginia Lynchburg,UVAL,Dragons
330,Virginia State,VIR,Trojans
259,Virginia Tech,VT,Hokies
2678,VMI,VMI,Keydets
89,Wabash College,WAB,Little Giants
2681,Wagner,WAG,Seahawks
154,Wake Forest,WAKE,Demon Deacons
3080,Waldorf,WAL,Warriors
2682,Walsh,WALSH,Cavaliers
2683,Warner,UWS,Royals
2685,Wartburg,WAR,Knights
2687,Washburn,WAS,Ichabods
264,Washington,WASH,Huskies
2686,Washington & Jefferson,WAS,Presidents
2688,Washington & Lee,UWL,Generals
143,Washington (MO),WAS,Bears
265,Washington State,WSU,Cougars
630,Wayland Baptist,WAY,Pioneers
2845,Waynesburg,WAY,Yellow Jackets
131,Wayne State (MI),WAY,Warriors
2844,Wayne State (NE),WAY,Wildcats
2691,Webber International,WEBB,Warriors
2692,Weber State,WEB,Wildcats
336,Wesleyan,WES,Cardinals
2846,Wesley College,WES,Wolverines
3147,West,WEST,All-Stars
2695,West Alabama,WES,Tigers
223,West Chester,WES,Golden Rams
2717,Western Carolina,WCU,Catamounts
2843,Western Connecticut State,WES,Colonials
2710,Western Illinois,WIU,Leathernecks
98,Western Kentucky,WKU,Hilltoppers
2711,Western Michigan,WMU,Broncos
2702,Western New England,WES,Golden Bears
2703,Western New Mexico,WES,Mustangs
2848,Western Oregon,WES,Wolves
2714,Western State,WES,Mountaineers
2847,Western Washington,WES,Vikings
2909,Westfield State,WES,Owls
110242,West Florida,,Argonauts
2698,West Georgia,WES,Wolves
2699,West Liberty,WES,Hilltoppers
433,Westminster,WMN,Blue Jays
2849,Westminster PA,WMN,Titans
2704,West Texas A&M,WES,Buffaloes
277,West Virginia,WVU,Mountaineers
2706,West Virginia Tech,WVT,Golden Bears
396,Wheaton College (Ill),WHE,Thunder
112335,Wheeling Jesuit,WJ,Cardinals
2850,Whittier,WHI,Poets
2721,Whitworth,WHI,Pirates
2725,Widener,WID,Pride
398,Wilkes,WIL,Colonels
2930,Willamette,WIL,Bearcats
2911,William Jewell College,WJC,Cardinals
2729,William & Mary,W&M,Tribe
2970,William Paterson,WMP,Pioneers
2912,William Penn,WIL,Statesmen
2731,Williams,WIL,Ephs
3130,Williamson Trade,WIL,Mechanics
2733,Wilmington (OH),WIL,Quakers
351,Wingate,WIN,Bulldogs
2851,Winona State,WIN,Warriors
2736,Winston-Salem,WSSU,Rams
1000935,Winston-Salem State,,
275,Wisconsin,WIS,Badgers
2738,Wisconsin-Eau Claire,WIS,Blugolds
2740,Wisconsin-La Crosse,WIS,Eagles
2741,Wisconsin Lutheran,WIS,Warriors
272,Wisconsin-Platteville,WIS,Pioneers
2743,Wisconsin-Stevens Point,WIS,Pointers
2746,Wittenberg,WIT,Tigers
2747,Wofford,WOF,Terriers
2748,Wooster,WOO,Fighting Scots
2749,Worcester Polytechnic,WPI,Engineers
402,Worcester State College,WOR,Lancers
2750,Wright State University,WRST,Raiders
2707,WV State,WES,Yellow Jackets
455,WV Wesleyan,WVW,Bobcats
2751,Wyoming,WYO,Cowboys
43,Yale,YALE,Bulldogs
2754,Youngstown State,YSU,Penguins
1000509,10th District A.C.,,
1000571,111th Ambulance,,
1000449,11th Cavalry,,
1000727,1st Infantry,,
1000557,1st Texas Artillery,,
1000726,20th Infantry,,
1000770,260th Coast Artillery,,
1000399,26th Infantry,,
1000633,2nd Developmemt Regiment,,
1000566,2nd Texas 132nd Infantry,,
1000562,362nd Infantry,,
1000677,3rd Army Corps,,
1000549,47th Infantry,,
1000600,48th Infantry,,
1000551,7th Infantry,,
1000668,9th Amry Corps,,
1000817,Abilene Field,,
1000093,Active Football Club,,
1000379,Actual Business College,,
1000173,Adelbert,,
1000872,Adelphi,,
1000654,Alabama Medical,,
1000481,Alabama Presbyterian,,
1000473,Alabama Southern,,
1000008,Alameda Coast Guard,,Sea Lions
1000869,Alameda NAS,,
1000672,Albertson,,
1000782,Albuquerque Field,,
1000874,Alliance,,
1000512,Alma,,
1000409,Altoona A.C.,,
1000915,Alverno College,,
1000009,Amarillo Field,,Sky Giants
1000386,American,,
1000684,American Legion,,
1000303,American Medical,,
1000257,American Osteopath,,
1000179,Amherst YMCA,,
1000723,Anaconda Anodes,,
1000469,Anderson,,
1000089,Andover,,
1000740,Arizona All-Stars,,
1000142,Armour,,
1000552,Army Ambulance Corps,,
1000446,Athens,,
1000273,Athens A.C.,,
1000675,Atlantic Christian,,
1000838,Atlantic City NAS,,
1000362,Augusta Military Academy,,
1000347,Augustana (South Dakota),,
1000387,Austin,,
1000212,Austin High,,
1000906,Australia,Australia,Australia
1000547,Bailey Military,,
1000808,Bainbridge NTS,,
1000131,Baker,,
1000637,Balboa NTS,,
1000544,Ballard Meteors,,
1000431,Baltimore,,
1000180,Baltimore A.C.,,
1000140,Bankers A.C.,,
1000845,Barksdale Field,,
1000442,Barnes Medical,,
1000597,Barron Field,,
1000825,Beaumont Hospital,,
2056,Belhaven College,BEL,Blazers
1000408,Bellefonte Academy,,
1000336,Bellevue,,
1000596,Belmont A.C.,,
1000314,Beloit High,,
2059,Benedict,BEN,Tigers
1000192,Bennett Medical,,
1000857,Berg Field,,
1000849,Bergstrom Field,,
1000112,Berkeley A.C.,,
1000495,Bethel,,
1000288,Bingham,,
1000440,Birmingham,,
1000291,Birmingham High,,
1000893,Bishop,,
1000771,Blackland Field,,
1000468,Blountsville Agricultural,,
1000856,Bogue Field,,
1000882,Bolling Field,,
1000101,Boston A.C.,,
1000119,Boston English High,,
1000117,Boston Latin High,,
1000010,Boston University,,Terriers
1000280,Boulder High,,
2075,Bowie State,BOW,Bulldogs
1000213,Bradford National Guard,,
1000011,Bradley,,Braves
1000881,Brandeis,,
1000401,Brayton,,
1000546,Bremerton Navy,,
1000748,Bridgewater,,
1000072,Britannia,,
1000078,British Club of New York,,
1000929,Broaddus College,,
1000842,Brooklyn,,
1000080,Brooklyn Polytechnic Institute,,
1000814,Brooklyn Tigers (NFL),,
1000795,Bryan Field,,
1000662,Bryson,,
1000378,Buckner Business College,,
1000840,Bunker Hill Navy,,
1000640,Burleson,,
1000271,Burlingame A.C.,,
1000394,Butler YMCA,,
1000162,Butte A.C.,,
1000687,California Alumni,,
1000891,California-Riverside,,
1000007,California-Santa Barbara,UCSB,Gauchos
1000690,California Tech,,
1000513,Cal Poly-Pomona,,
1000012,Cal State Fullerton,,Titans
1000013,Cal State Los Angeles,,Golden Eagles
1000887,Cal State Northridge,,
1000917,Cameron,CAM,Aggies
1000147,Camp Adams,,
1000591,Camp Baker,,
1000854,Camp Beale,,
1000846,Camp Blanding,,
1000767,Camp Davis,,
1000567,Camp Devens,,
1000618,Camp Dodge,,
1000575,Camp Doniphan,,
1000217,Campello,,
1000564,Camp Funston,,
1000572,Camp Gordon,,
1000014,Camp Grant,,Warriors
1000626,Camp Greene,,
1000589,Camp Greenleaf,,
1000598,Camp Griffin,,
1000769,Camp Haan,,
1000599,Camp Hancock,,
1000619,Camp Harrison,,
1000879,Camp Hood,,
1000605,Camp Humphreys,,
1000803,Camp Kilmer,,
1000574,Camp Lee,,
1000789,Camp Lejeune,,
1000550,Camp Logan,,
1000559,Camp Lyons,,
1000625,Camp Mabry,,
1000569,Camp MacAurthur,,
1000579,Camp MacDowell,,
1000861,Camp Mackall,,
1000866,Camp McClelland,,
1000353,Camp McKinley,,
1000349,Camp McPherson,,
1000432,Camp Meyer,,
1000900,Camp Peary,,
1000880,Camp Pendleton,,
1000635,Camp Perry,,
1000773,Camp Pickett,,
1000577,Camp Pike,,
1000829,Camp Polk,,
1000250,Camp Preble,,
1000451,Camp Russell,,
1000576,Camp Sevier,,
1000621,Camp Shelby,,
1000573,Camp Sherman,,
1000607,Camp Taylor,,
1000594,Camp Travis,,
1000556,Camp Wadsworth,,
1000068,Canada All-Stars,,
1000706,Canisius,,
1000396,Canton A.C.,,
1000601,Carleton-St. Olaf,,
1000015,Carlisle,,Indians
1000670,Carlstrom Field,,
1000692,Carroll (Montana),,
1000580,Carruthers Field,,
1000883,Carswell AFB,,
1000744,Casa Blanca Indians,,
1000156,Case,,
1000429,Castle Heights,,
1000500,Catholic,,
1000016,Centenary (LA),,Gents
1000702,Centerville (Butte),,
1000309,Central Academy,,
1000506,Central (Iowa),,
1000295,Central (Kentucky),,
1000928,Central Missouri,CEN,Mules
1000526,Chamberlain Hunt,,
1000578,Chanute Field,,
1000390,Charles City,,
1000305,Charleston,,
1000806,Charleston Coast Guard,,
1000479,Charleston Navy,,
1000831,Chatham Field,,
1000666,Chemawa,,
1000826,Cherry Point Marines,,
1000395,Cheyenne High,,
1000109,Chicago A.C.,,
1000185,Chicago Alumni,,
1000263,Chicago College,,
1000287,Chicago Dental,,
1000144,Chicago Dining Club,,
1000267,Chicago Medical,,
1000583,Chicago Naval Reserve,,
1000122,Chicago YMCA,,
1000543,Chick Springs Military,,
1000321,Chilocco,,
2804,Chowan,CHO,Braves
1000514,Christian Brothers,,
1000066,City College of New York,,
1000699,Clarke Memorial,,
1000268,Clarkson,,
1000535,Clemson Freshmen,,
1000634,Cleveland Naval Reserves,,
1000148,C.M.T.S.,,
1000844,College All-Stars,,
1000344,Colorado Alumni,,
1000330,Colorado College Alumni,,
1000775,Colorado Springs Field,,
1000281,Colorado Springs High,,
1000695,Colorado State Freshmen,,
1000104,Columbia A.C.,,
1000317,Columbia Alumni,,
1000486,Columbia College,,
1000086,Columbia Law,,
1000753,Columbia (Oregon),,
1000318,Columbia YMCA,,
1000375,Company I,,
1000912,Concordia Canada,,Eagles
1000922,Concordia College (MN),,Cobbers
1000110,Connecticut Literary,,
1000206,Connecticut-Waterbury,,
1000421,Conway Hall,,
1000774,Corpus Christi NAS,,
1000235,Cortland State,,
1000656,Cotton City A.C.,,
1000588,Crane J.C.,,
1000017,Creighton,,Bluejays
1000075,Crescent A.C.,,
1000364,Culver,,
1000793,Curtis Bay Coast Guard,,
1000862,Dalhart Field,,
1000491,Dallas,,
1000331,Daniel Baker,,
1000787,Daniel Field,,
1000507,Davis & Elkins,,
1000139,Dean Academy,,
1000645,Decatur Baptist,,
1000018,Del Monte Pre-Flight,,Navyators
1000001,Denver,DU,Pioneers
1000136,Denver A.C.,,
1000464,Denver Alumni,,
1000539,Denver Freshmen,,
1000289,Denver Manual High,,
1000671,DePaul,,
1000269,Des Moines,,
1000239,Des Moines Baptist,,
1000079,Detroit A.C.,,
1000019,Detroit Mercy,,Titans
1000277,Dickinson Seminary,,
1000751,Dixie,,
1000215,Dixon,,
1000130,Doane,,
1000415,Drake Alumni,,
1000701,Drexel,,
1000020,Drury,,Panthers
1000176,Duquesne A.C.,,
1000299,East Denver High,,
1000311,East Des Moines High,,
1000739,Eastern Arizona J.C.,,
1000428,Eastern (Virginia),,
1000728,Edmond Tech,,
1000833,Edmonton Field,,
1000899,Edward Waters,,
1000265,Elgin Academy,,
1000167,Elizabeth A.C.,,
1000724,Ellensburg,,
1000850,Ellington Field,,
1000525,Ellsworth,,
1000732,El Paso National Guard,,
1000828,El Toro Marines,,
1000316,Emporia College,,
1000707,Englewood,,
1000127,Englewood High,,
1000128,Englewood YMCA,,
1000021,Erskine,,The Flying Fleet
1000067,Eton,,
1000163,Eureka,,
1000152,Evanston High,,
1000752,Evansville,,
1000090,Exeter,,
1000155,F.A.A.,,
1000981,Fairfield,,Stags
1000111,Fall River,,
1000087,Falls of Schuylkill,,
1000859,Farragut Navy,,
109418,Finlandia University,FINL,Lions
1000437,Fishburne M.A.,,
1000925,Fisk University,,Bulldogs
1000228,Fitchburg YMCA,,
1000819,Fleet City,,
1000528,Florence YMCA,,
1000508,Florida Southern,,
1000022,Fort Benning,,Doughboys
1000830,Fort Bliss,,
1000689,Fort Bragg,,
1000631,Fort Des Moines,,
1000391,Fort Douglas,,
1000382,Fort Ethan Allen,,
1000643,Fort Jackson,,
1000777,Fort Knox,,
1000476,Fort Leavenworth,,
1000755,Fort Lewis College,,
1000776,Fort Monmouth,,
1000823,Fort Monroe,,
1000628,Fort Oglethorpe,,
1000768,Fort Ord,,
1000827,Fort Pierce,,
1000023,Fort Riley,,Centaurs
1000255,Fort Sheridan,,
1000784,Fort Totten,,
1000024,Fort Warren,,Broncos
1000326,Fort Worth,,
1000612,Foundation,,
1000885,Frederick,,
1000278,Freeport High,,
1000584,Fremont Ammuntion,,
1000868,Fresno State JV,,
1000342,Friends,,
1000818,Galveston Field,,
1000632,Garden City,,
1000363,Geneva,,
1000351,Georgetown (Kentucky),,
1000921,Georgetown (KY),GGA,Tigers
1000025,George Washington,,Colonials
1000548,Georgia B,,
1000470,Georgia Medical,,
1000026,Georgia Pre-Flight,,Skycrackers
1000545,Georgia Tech B,,
1000581,Goat Island Navy,,
1000283,Golden High,,
1000027,Gonzaga,,Bulldogs
1000691,Gonzaga Alumni,,
1000404,Gordon,,
1000244,Goshen,,
1000315,Grand Island,,
1000188,Grand Rapids High,,
1000532,Granite High,,
1000028,Great Lakes Navy,,Bluejackets
1000137,Greenfield,,
1000809,Greensboro Field,,
1000804,Greenville Field,,
1000184,Greer,,
1000240,Grinnell Alumni,,
1000284,Grinnell High,,
1000406,Grove City,,
1000186,Hahnemann Medical,,
1000653,Hamilton A.C.,,
1000361,Hampton A.C.,,
1000646,Hampton Road,,
1000467,Harrisburg A.C.,,
1000492,Harry Hillman Academy,,
1000154,Hartford,,
1000092,Harvard Alumni,,
1000094,Harvard B,,
1000134,Harvard Freshmen,,
1000477,Harvard Law,,
1000029,Haskell,,Indians
1000398,Hastings,,
1000716,Hastings State,,
1000458,Havana A.C.,,
1000420,Havana University,,
1000030,Haverford,,Fords
1000696,Hawaii All-Stars,,
1000889,Hayward State,,
1000377,Hebron Academy,,
1000329,Hedding,,
1000858,Herington Field,,
1000313,Highland Park,,
1000719,High Point,,
1000762,Hiwassee,,
1000614,Hoboken Navy,,
2275,Hofstra,HOF,Pride
1000254,Homestead A.C.,,
1000847,Hondo Field,,
1000178,Hopkinson,,
1000471,Horner,,
1000373,Houston YMCA,,
1000158,Hyde Park,,
1000123,Hyde Park High,,
1000779,Idaho Marines,,
1000216,Illinois Alumni,,
1000172,Illinois Cycling Club,,
1000555,Illinois Medical,,
1000439,Independence A.C.,,
1000241,Indiana Alumni,,
1000348,Indiana Medical,,
1000150,Indianapolis Artillery,,
1000705,Intermountain,,
1000000,Iowa Pre-Flight,IPF,Seahawks
1000430,Jackson Br.-New Orleans,,
1000822,Jackson Field,,
1000031,Jacksonville Naval Air Station,,Flyers
1000435,James Millikin,,
1000412,Jefferson,,
1000350,Jefferson Medical,,
1000360,Jersey Shore,,
1000758,Kamehameha Alumni,,
1000132,Kansas City A.C.,,
1000251,Kansas City Medical,,
1000407,Kansas City Veterinary,,
1000524,Kansas Wesleyan,,
2871,Kean,KEA,Cougars
1000483,Kearney,,
1000855,Kearney Field,,
1000851,Keesler Field,,
1000608,Kelly Field,,
1000354,Kents Hill,,
3077,Kentucky Christian,KCU,Knights
1000293,King,,
1000328,Kingfisher,,
1000743,King George,,
1000772,Kirtland Field,,
1000553,Kiski Preparatory,,
255,Knox College,KNO,Prairie Fire
1000911,Knoxville,KNOX,Bulldogs
1000848,Lackland Field,,
1000224,Lake Forest Academy,,
1000226,Lake Forest Alumni,,
1000778,Lakehurst NAS,,
6353,Lakeland University,LAKE,Lakeland
1000120,Lake View High,,
1000202,Lancaster Crescents,,
2323,Lane,LAN,Dragons
1000660,Lanier,,
1000445,Laramie High,,
1000248,La Salle,,
1000488,Latrobe A.C.,,
1000159,Laureate Boat Club,,
1000138,Lawrenceville,,
1000339,Lawton,,
1000568,League Island Navy,,
1000427,Leander Clarke,,
1000108,Lehigh A.C.,,
1000870,Leilahau,,
1000932,Lewis,,
1000083,Lewisburg A.C.,,
1000630,Lieutenants,,
1000894,Lincoln,,
1000824,Lincoln Field,,
1000243,Lincoln High,,
1000355,Lincoln Medical,,
1000460,Locust Grove,,
1000502,Logan All-Stars,,
1000032,Lombard,,
1000006,Long Beach State,LBS,49ers
1000300,Longmont High,,
1000718,Loras,,
263,Loras College,LOR,Duhawks 
1000710,Los Angeles A.C.,,
1000750,Los Angeles Junior College,,
1000800,Louisiana Army STU,,
1000709,Louisiana State Freshmen,,
1000852,Louisville Field,,
1000615,Love Field,,
1000790,Lowry Field,,
1000606,Loyola Academy,,
1000713,Loyola (Baltimore),,
1000712,Loyola (Chicago),,
1000033,Loyola (LA),,Wolfpack
1000034,Loyola Marymount,,Lions
1000035,Lubbock Field,,
1000682,Lynchburg,,
1000590,MacAurthur Field,,
1000517,Machinists Mates,,
1000189,Madison High,,
1000036,Manhattan,,Jaspers
1000102,Manhattan A.C.,,
1000785,Manhattan Beach Coast Guard,,
1000897,Mankato State,,
1000145,Manual Training High,,
1000037,March Field,,Flyers
1000038,Mare Island Marines,,
1000609,Mare Island Navy,,
1000352,Marine Officers,,
1000294,Marion,,
1000510,Marion County High,,
1000261,Marion Sims,,
1000039,Marquette,,Golden Eagles
1000463,Marshall School,,
1000368,Marshalltown,,
1000194,Maryland A.C.,,
1000204,Maryland-Baltimore,,
1000903,Maryland-Eastern Shore,,Hawks
1000393,Massilon A.C.,,
1000620,Mather Field,,
1000841,Maxwell Field,,
1000815,Mayport NAS,,
1000860,McClellan Field,,
1000345,McDaniel,,
1000069,McGill,,
2816,McKendree,MAN,Bearcats
1000232,Medford A.C.,,
1000264,Medico-Chirurgical,,
1000835,Melville PT Boats,,
1000466,Memphis High,,
1000797,Memphis Navy,,
1000325,Mercersburg Academy,,
1000540,Meridian,,
1000485,Meteor A.C.,,
1000124,Michigan A.C.,,
1000149,Michigan Military Academy,,
1000873,Midwestern Texas State,,
1000816,Milligan,,
1000259,Milwaukee Medical,,
1000171,Minneapolis Boat Club,,
1000165,Minneapolis Central High,,
1000312,Minneapolis Eastern High,,
1000182,Minneapolis South High,,
1000125,Minnesota Alumni,,
1000516,Missouri-Kansas City,,
1000320,Missouri-Rolla,,
1000895,Missouri Southern,,
1000839,Missouri Valley,,
1000661,Missouri Wesleyan,,
109,MIT,MIT,Engineers
1000766,Moffett Field,,
1000871,Mohawk,,
1000388,Moline A.C.,,
1000403,Monroe A.C.,,
1000534,Montana Tech,,
1000681,Montana Wesleyan,,
1000115,Montclair A.C.,,
1000717,Montezuma,,
1000319,Montgomery A.C.,,
1000798,Monticello Navy,,
1000076,Montreal,,
1000285,Mooney,,
1000896,Moorhead State,,
1000474,Morgan,,
1000438,Morganton Mutes,,
1000910,Morris Brown,MB,
1000832,Morris Field,,
1000490,Morris Harvey,,
1000193,Mount Airy Deaf School,,
1000454,Mount Carmel All-Stars,,
1000129,Mount Hermon,,
1000497,Mount Pleasant,,
1000203,Mount St. Mary's,,
1000419,Multnomah A.C.,,
1000040,Nashville,,
1000558,Navy Hospital Corps,,
1000565,Navy Reserves,,
1000604,Navy Transport,,
1000245,Nebraska Alumni,,
1000478,Nebraska Wesleyan,,
6845,Nebraska Wesleyan University,NWU,Neb Wesleyan
1000253,Needham,,
1000231,Newark A.C.,,
1000515,Newberry A.C.,,
1000275,Newburyport A.C.,,
1000523,New England All-Stars,,
1000195,New Jersey A.C.,,
1000837,New London Submarine Base,,
1000737,New Mexico Military,,
1000746,New Mexico Tech,,
1000424,New Orleans Gym Club,,
1000570,Newport Navy,,
1000759,Newport News,,
1000602,Newport NTS,,
1000164,Newton A.C.,,
1000416,Newton High,,
1000200,Newtowne A.C.,,
1000106,New York A.C.,,
1000116,New York Law,,
1000333,New York Naval Militia,,
1000649,New York State,,
1000041,New York University,,Violets
1000402,Niagara,,
1000356,Norfolk A.C.,,
1000480,Norfolk Blues,,
1000688,Norfolk Fire Department,,
1000811,Norfolk Marines,,
1000622,Norfolk Navy,,
1000642,Norfolk Navy Base,,
1000639,Norfolk Navy Yard,,
1000042,Norman Naval Air Station,,Zoomers
1000444,Norman Park,,
1000518,North Alabama A.C.,,
1000434,North Carolina Medical,,
1000005,North Carolina Pre-Flight,NCPF,Cloudbusters
1000754,North Dakota Teachers,,
1000310,North Denver High,,
1000237,North Division High,,
111,Northeastern,NE,Huskies
1000698,Northeastern Oklahoma State,,
1000385,North Georgia,,
1000210,Northwest Division High,,
1000187,Northwestern Academy,,
1000205,Northwestern Alumni,,
1000221,Northwestern Dental,,
1000927,Northwestern (IA),nad,
1000392,Northwestern (Wisconsin),,
1000747,Notre Dame B,,
1000282,Oak Ridge,,
1000863,Oceana NAS,,
1000664,Ogden A.C.,,
1000411,Ogden High,,
1000043,Oglethorpe,,Stormy Petrels
1000554,Ohio Am. Corp.,,
1000209,Ohio Medical,,
1000457,Oklahoma City,,
1000522,Oklahoma Mines,,
1000735,Oklahoma Teachers,,
1000821,Olathe Navy,,
1000153,Olivet,,
1000096,Olympic A.C.,,
1000536,Olympic Club,,
1000623,Omaha Balloon,,
1000323,Omaha Light Guards,,
1000286,Onondaga,,
1000100,Orange A.C.,,
1000738,Oregon College,,
1000538,Oregon State Alumni,,
1000916,Oregon Tech,,Hustlin' Owls
1000537,Originals A.C.,,
1000074,Ottawa,,
1000805,Ottumwa Pre-Flight,,
1000436,Ouachita,,
1000585,Overland Station,,
1000715,Ozarks,,
1000044,Pacific,,Tigers
1000796,Pacific All-Stars,,
1000657,Pacific Fleet,,
1000650,Pacific (Oregon),,
1000878,Pacific Submarines,,
1000097,Palmyra,,
1000220,Panora,,
1000627,Park Field,,
1000456,Parris Island Marines,,
1000886,Parsons,,
1000482,Parsons (Iowa),,
1000143,Pastime A.C.,,
1000613,Payne Field,,
1000673,Pearl Harbor,,
1000593,Pelham Bay Navy,,
1000587,Penn Radio School,,
1000082,Pennsylvania Alumni,,
1000201,Pennsylvania College,,
1000073,Pennsylvania Military,,
1000367,Pennsylvania Railroad YMCA,,
1000191,Pennsylvania Reserves,,
1000366,Pensacola A.C.,,
1000783,Pensacola NAS,,
1000337,Peoria Socials A.C.,,
1000867,Pepperdine,,
1000410,Peru State,,
1000214,Phialdelphia YMCA,,
1000270,Philadelphia A.C.,,
1000070,Philadelphia All-Stars,,
1000603,Philadelphia Naval Yard,,
1000045,Phillips,,Haymakers
1000198,Phoenix A.C.,,
1000749,Phoenix All-Stars,,
1000234,Phoenix Indians,,
1000190,Physicians & Surgeons,,
1000674,Piedmont,,
1000133,Pittsburgh A.C.,,
1000389,Pittsburgh Lyceum,,
1000177,Pittsfield A.C.,,
1000794,Pleasanton Navy,,
1000807,Pomona Ordinance Base,,
1000233,Pontiac A.C.,,
1000447,Porter Military,,
1000046,Portland,,Pilots
1000218,Portland A.C.,,
1000450,Port Royal,,
1000836,Portsmouth Fleet,,
1000611,Post Field,,
1000157,Prairie A.C.,,
1000582,Presidio of San Francisco,,
1000114,Princeton A.C.,,
1000077,Princeton Alumni,,
1000174,Princeton Seminary,,
1000704,Providence,,
1000334,Pueblo High,,
1000307,Pueblo YMCA,,
1000208,Purdue Alumni,,
1000047,Quantico Marines,,Devil Dogs
1000918,Queen's,,
1000292,Quincy A.C.,,
1000048,Randolph Field,,Ramblers
1000586,Ream Field,,
1000049,Regis (CO),,Rangers
1000531,Reina Mercedes,,
1000160,Reliance A.C.,,
1000533,Richmond Blues,,
1000791,Richmond Field,,
1000099,Ridgefield A.C.,,
1000496,Riverside,,
1000383,Roanoke,,
1000343,Rockford High,,
1000256,Rockford YMCA,,
1000765,Rockhurst,,
1000276,Rock Island A.C.,,
1000669,Rollins,,
1000647,Rooks,,
1000151,Rush Medical,,
1000641,Rusk,,
1000733,Sacaton Indians,,
1000238,Sacred Heart (Wisconsin),,
1000050,Saint Louis,,Billikens
1000920,Saint Mary's,,Gaels
1000051,Saint Mary's (CA),,Gaels
1000065,Saint Mary's (CA) Pre-Flight,,Air Devils
1000930,Salem,,
1000919,Salem International,,
1000799,Salt Lake Field,,
1000414,Salt Lake High,,
1000161,Salt Lake YMCA,,
1000792,Sampson NTS,,
1000820,San Diego Bombers (PCFL),,
1000745,San Diego Marines,,
1000801,San Diego Navy,,
1000004,San Francisco,SF,Dons
1000843,San Francisco Clippers (AFL),,
1000888,San Francisco State,,
1000875,San Pedro A.C.,,
1000636,San Pedro Navy,,
1000788,Santa Ana Field,,
1000003,Santa Clara,SC,Broncos
1000335,Savannah A.C.,,
1000247,S.B. Howard Park,,
1000714,Schuylkill,,
1000107,Schuylkill Navy,,
1000629,Scott Field,,
1000703,Scout Fleet,,
1000725,Scranton,,
1000465,Seamen Gunners,,
1000053,Second Air Force,,Superbombers
1000813,Second Air Force (Colorado),,
1000781,Second Air Force (Washington),,
1000081,Seton Hall,,
1000655,Sewanee Club (Virginia),,
1000461,Sewanee Medical,,
1000225,Shamokin,,
1000227,Shattuck,,
1000340,Sherman,,
2560,Shorter,SHO,Hawks
1000357,Shreveport A.C.,,
1000332,Shurtleff,,
1000170,Sioux City A.C.,,
2894,Sioux Falls,SIO,Cougars
1000266,SMTS,,
1000898,Sonoma State,,
1000258,South Bend A.C.,,
1000168,South Berwick,,
1000519,South Denver High,,
1000678,Southern California Alumni,,
1000686,Southern College,,
1000679,Southern Methodist Freshmen,,
1000659,Southern Military Academy,,
3198,SOUTH FLORIDA,SFX,STARS
1000802,South Plains Field,,
1000229,South Side Academy,,
1000493,Southwestern (Kansas),,
2588,Southwestern University,SW,Pirates
1000914,Southwest State,,Mustangs
1000786,Spence Field,,
1000054,Spring Hill,,Badgers
1000853,Squantum NAS,,
1000503,Staats A.C.,,
1000290,St. Albans,,
1000624,Standifer Shipbuilders,,
1000756,St. Benedict,,
1000462,St. Bonaventure,,
1000667,St. Edward's,,
1000279,Steelton YMCA,,
1000472,Sterling A.C.,,
1000055,Stevens,,Ducks
1000071,Stevens Alumni,,
1000610,St. Helena NTS,,
1000262,Still,,
1000908,Stillman,STI,Tigers
1000146,St. John's M.A.,,
1000113,St. John's (Maryland),,
1000617,St. Joseph's (Pennsylvania),,
1000246,St. Lawrence,,
1000729,St. Louis Alumni-Hawaii,,
1000400,St. Mary's (Kansas),,
1000734,St. Mary's (Minnesota),,
1000498,St. Mary's (Texas),,
1000834,St. Olaf,,
1000527,St. Paul,,
1000236,St. Paul Central High,,
1000274,St. Paul's (New Hampshire),,
1000423,Stroudsburg,,
1000175,St. Steven's,,
1000365,St. Thomas,,
1000380,St. Viator,,
1000417,St. Vincent's (California),,
1000763,St. Vincent's (Pennsylvania),,
1000426,Superba A.C.,,
1000002,Swarthmore,SWAR,Garnet Tide
1000103,Swarthmore Alumni,,
1000118,Syracuse A.C.,,
1000272,Syracuse Alumni,,
1000680,Talladega,,
1000056,Tampa,,Spartans
1000504,Tampa A.C.,,
1000252,Tarkio,,
620,Taylor,TAY,Trojans
1000121,Temperance A.C.,,
1000381,Tennessee Deaf School,,
1000057,Tennessee Medical College,,
1000301,Tennessee-Memphis,,
1000413,Tennessee Military,,
1000757,Tennessee Wesleyan,,
1000876,Texas A&M-Corpus Christi,,
1000058,Texas-Arlington,,Mavericks
1000322,Texas Deaf School,,
1000730,Texas Military,,
1000760,Texas Wesleyan,,
1000685,Thiel,,
2644,Thiel College,THI,Tomcats
1000901,Third Air Force,,
1000088,Tioga,,
1000358,Toledo A.C.,,
1000521,Tonkawa Preparatory,,
1000499,Toronto All-Stars,,
1000297,Transylvania,,
2907,Trinity International (IL),TRN,Trojans
1000302,Trinity (Texas),,
1000105,Troy Laureates,,
1000296,Tulane Alumni,,
1000341,Twin Cities Central High,,
1000370,Twin Cities High,,
1000731,UAY All-Stars,,
1000924,UC Riverside,,Highlanders
2841,Union College,UNI,Dutchmen
1000059,Union (NY),,Dutchmen
1000359,Union (Tennessee),,
1000126,University Club of Chicago,,
559,University of Mary,MAR,Marauders
1000736,University of Mexico,,
1000764,Upsala,,
1000864,U.S. Amphibians,,
1000890,U.S. International,,
1000595,U.S. Marines,,
1000658,US Recup. Company,,
1000648,USS Boston,,
1000455,USS Franklin,,
1000683,USS Idaho,,
1000700,USS Maryland,,
1000652,USS Mercy,,
1000592,USS Minnesota,,
1000676,USS Mississippi,,
1000711,USS New Mexico,,
1000651,USS New York,,
1000708,USS Oklahoma,,
1000722,USS Tennessee,,
1000638,USS Utah,,
1000397,USS Washington,,
1000418,Utah Alumni,,
1000561,Utah Field Artillery,,
1000501,Utah State Alumni,,
1000560,Vancouver Barracks,,
1000448,Vanderbilt Alumni,,
1000505,Vedado A.C.,,
1000060,Vermont,,Catamounts
1000260,Vermont Methodist Seminary,,
1000494,Vicksburg A.C.,,
1000489,Vigilant A.C.,,
1000249,Vincennes,,
1000091,Vineland,,
1000441,Virginia Boat Club,,
1000487,Virginia Medical,,
1000511,Virginia Tech Alumni,,
2676,Virginia Union,VIR,Panthers
1000135,Volunteer A.C.,,
1000780,Waco Field,,
1000665,Wake Forest Freshmen,,
1000222,Walton,,
1000425,Warrenton Preparatory,,
1000563,Washington Artillery,,
1000443,Washington (Maryland),,
1000812,Washington Redskins (NFL),,
1000304,Washington YMCA,,
1000306,Waterton,,
1000327,Watertown,,
1000230,Waukegan High,,
1000761,Wayne State,,
1000324,Welch Neck High,,
1000372,Wendell Phillips High,,
1000644,Wesley,,
1000061,Wesleyan (CT),,Cardinals
1000721,West Coast Army,,
1000741,West Coast Navy,,
1000308,West Denver High,,
1000219,West Division High,,
1000453,West End Amateurs,,
1000223,Western (Iowa),,
1000907,Western Ontario,,Mustangs
1000169,Western Reserve,,
1000541,West Logan High,,
1000384,Westminster (Missouri),,
1000371,Westminster (Pennsylvania),,
1000697,West Seattle A.C.,,
1000405,West Texas Military,,
1000923,West Virginia State,,Yellow Jackets
1000422,Wetumpka,,
1000181,Wheaton High,,
1000877,White Sands,,
1000196,White Squadron,,
1000062,Whitman,,Missionaries
1000063,Wichita State,,Shockers
1000369,William Jewell,,
1000346,Williams Alumni,,
1000865,Williams Field,,
1000199,Williamsport,,
1000095,Williston,,
1000693,Wilmington,,
1000484,Winchester,,
1000207,Wisconsin Alumni,,
1000433,Wisconsin Freshmen,,
1000892,Wisconsin-Milwaukee,,
1000298,Wisconsin-Oshkosh,,
1000211,Wisconsin-Whitewater,,
1000904,Wisc. Stout,,
1000616,Wissahickon Barracks,,
1000183,Worcester A.C.,,
1000242,Worcester Academy,,
1000475,Wyoming Alumni,,
1000694,Wyoming Faculty,,
1000098,Wyoming Seminary,,
1000064,Xavier,,Musketeers
1000085,Yale Alumni,,
1000166,Yale Consolidated,,
1000141,Yale Freshmen,,
1000084,Yale/Princeton/Harvard Grads,,
1000720,YMI,,
1000197,York YMCA,,
1000810,Yuma Field,,
